"data_hora","modalidade","ronda","tipo","titulo","ano","rating_real","palpite_j1","palpite_j2","erro_j1","erro_j2","vencedor_ronda"
"2025-10-24 15:03:00.255414","Misto",1,"Série","The_Office","(2001até2003)",8.5,9,8.5,0.5,0,"catia"
"2025-10-24 15:03:10.21213","Misto",2,"Série","Outer_Banks","2020",7.5,8,7,0.5,0.5,"empate"
"2025-10-24 15:03:17.097905","Misto",3,"Série","Jujutsu_Kaisen","(2020até_)",8.7,9,9.1,0.300000000000001,0.4,"talita"
"2025-10-24 15:08:10.964789","Misto",1,"Série","Succession","(2018até_)",8.8,9,9.2,0.199999999999999,0.399999999999999,"talita"
"2025-10-24 15:08:21.09566","Misto",2,"Filme","Avengers:_Infinity_War","-2018",8.4,8,9,0.4,0.6,"talita"
"2025-10-24 15:08:28.025444","Misto",3,"Série","Jessica_Jones","2015",7.8,8,7,0.2,0.8,"talita"
"2025-10-24 15:33:57.048906","Misto",1,"Série","The_Office","(2001até2003)",8.5,9,8.9,0.5,0.4,"catia"
"2025-10-24 15:34:13.961653","Misto",2,"Série","In_the_Name_of_God:_A_Holy_Betrayal","2023",3.9,8,6,4.1,2.1,"catia"
"2025-10-24 15:34:29.784945","Misto",3,"Série","The_Adventures_of_Sherlock_Holmes","(1984até1985)",8.7,8,9,0.699999999999999,0.300000000000001,"catia"
"2025-10-25 14:22:10.669179","Misto",1,"Filme","Memento","-2000",8.4,8,6,0.4,2.4,"Nuno"
"2025-10-25 14:22:22.347516","Misto",2,"Filme","Coco","(I)_(2017)",8.4,7,8,1.4,0.4,"Catia"
"2025-10-25 14:22:38.166731","Misto",3,"Série","The_Flash","2014",7.5,9,7,1.5,0.5,"Catia"
"2025-10-25 14:22:45.939348","Misto",4,"Filme","Joker","-2019",8.4,7,8,1.4,0.4,"Catia"
"2025-10-25 14:22:58.94851","Misto",5,"Série","The_Office","(2001até2003)",8.5,9,9,0.5,0.5,"empate"
"2025-10-25 14:43:52.442771","Misto",1,"Série","Avatar:_The_Last_Airbender","(2005até2008)",9.3,8,8.4,1.3,0.9,"Catia"
"2025-10-25 14:44:14.948689","Misto",2,"Série","Avatar:_The_Last_Airbender","(2005até2008)",9.3,9.3,9.3,0,0,"empate"
"2025-10-25 14:44:21.414356","Misto",3,"Série","Rick_and_Morty","(2013até_)",9.2,8,9,1.2,0.199999999999999,"Catia"
"2025-10-25 14:56:26.648771","Misto",1,"Série","Rick_and_Morty","(2013até_)",9.2,9,8,0.199999999999999,1.2,"Ana"
"2025-10-25 14:56:29.6918","Misto",2,"Série","Suits","(2011até2019)",8.4,9,8,0.6,0.4,"Catia"
"2025-10-25 14:56:32.056985","Misto",3,"Série","Jujutsu_Kaisen","(2020até_)",8.7,9,8,0.300000000000001,0.699999999999999,"Ana"
"2025-10-25 14:56:34.158467","Misto",4,"Série","That_'70s_Show","(1998até2006)",8,8,9,0,1,"Ana"
"2025-10-25 14:56:36.863004","Misto",5,"Série","Dexter:_New_Blood","(2021até2022)",8.9,9,8,0.0999999999999996,0.9,"Ana"
"2025-10-25 14:56:38.926706","Misto",6,"Série","That_'90s_Show","2023",6.3,8,9,1.7,2.7,"Ana"
"2025-10-25 14:56:42.182115","Misto",7,"Série","That_'70s_Show","(1998até2006)",8,9,8,1,0,"Catia"
"2025-10-25 14:56:52.577121","Misto",8,"Série","Twin_Peaks","(1990até1991)",8.8,8,9,0.800000000000001,0.199999999999999,"Catia"
"2025-10-25 14:56:55.117389","Misto",9,"Série","One_Piece","(1999até_)",8.8,8,9,0.800000000000001,0.199999999999999,"Catia"
"2025-10-25 14:56:57.725191","Misto",10,"Série","Peaky_Blinders","(2013até2022)",8.8,8,9,0.800000000000001,0.199999999999999,"Catia"
"2025-10-25 14:57:21.870486","Misto",1,"Série","The_Witcher","2019",7.9,9,8,1.1,0.0999999999999996,"Catia"
"2025-10-25 14:57:23.798796","Misto",2,"Série","Mindhunter","(2017até2019)",8.6,8,9,0.6,0.4,"Catia"
"2025-10-25 14:57:25.824919","Misto",3,"Série","Mr._Robot","(2015até2019)",8.5,9,8,0.5,0.5,"empate"
"2025-10-25 15:13:39.371975","Séries",1,"Série","9-1-1:_Nashville","2025",5.2,8,8.5,2.8,3.3,"Maria"
"2025-10-25 15:13:55.21206","Séries",2,"Série","Mr._Robot","(2015até2019)",8.5,9,8,0.5,0.5,"empate"
"2025-10-25 15:14:09.301503","Séries",3,"Série","Resident_Evil","2022",3.8,8,7,4.2,3.2,"Ana"
"2025-10-25 15:24:10.156317","Filmes",1,"Filme","Morbius","2022",5.1,4,5,1.1,0.0999999999999996,"Catia"
"2025-10-25 15:24:40.045613","Filmes",2,"Filme","The_Dark_Knight_Rises","-2012",8.4,8.5,9,0.0999999999999996,0.6,"Maria"
"2025-10-25 15:25:03.548582","Filmes",3,"Filme","Interstellar","-2014",8.6,8,9,0.6,0.4,"Catia"
"2025-10-25 15:25:32.059836","Filmes",4,"Filme","Braveheart","-1995",8.3,7,6,1.3,2.3,"Maria"
"2025-10-25 15:25:55.943253","Filmes",5,"Filme","Once_Upon_a_Time_in_the_West","-1968",8.5,9,8.5,0.5,0,"Catia"
"2025-10-26 22:08:49.646502","Misto",1,"Série","Suits","(2011até2019)",8.4,8,9,0.4,0.6,"Ana"
"2025-10-26 22:08:52.160433","Misto",2,"Filme","The_Last_Airbender","2010",4,8,9,4,5,"Ana"
"2025-10-26 22:08:55.555639","Misto",3,"Série","The_Lord_of_the_Rings:_The_Rings_of_Power","2022",6.9,8,9,1.1,2.1,"Ana"
"2025-10-26 22:09:00.893296","Misto",4,"Série","Money_Heist","(2017até2021)",8.2,9.2,9,1,0.800000000000001,"Maria"
"2025-10-26 22:09:04.326034","Misto",5,"Série","How_I_Met_Your_Father","2022",5.4,8,9,2.6,3.6,"Ana"
"2025-10-26 22:09:07.109971","Misto",6,"Série","Game_of_Thrones","(2011até2019)",9.2,9,8,0.199999999999999,1.2,"Ana"
"2025-10-26 22:09:09.927261","Misto",7,"Série","The_Mentalist","(2008até2015)",8.1,8,9,0.0999999999999996,0.9,"Ana"
"2025-10-26 22:09:12.823097","Misto",8,"Filme","Dragonball_Evolution","2009",2.6,9,8,6.4,5.4,"Maria"
"2025-10-26 22:25:45.868162","Misto",1,"Série","Euphoria","(2019até_)",8.4,8,9,0.4,0.6,"Ana"
"2025-10-26 22:25:49.129128","Misto",2,"Filme","The_Lives_of_Others","-2006",8.4,9,8,0.6,0.4,"Maria"
"2025-10-26 22:25:51.227734","Misto",3,"Série","One_Piece","(1999até_)",8.8,8,9,0.800000000000001,0.199999999999999,"Maria"
"2025-10-26 22:25:53.345652","Misto",4,"Série","Jessica_Jones","2015",7.8,9,8,1.2,0.2,"Maria"
"2025-10-26 22:25:55.793233","Misto",5,"Filme","Come_and_See","-1985",8.3,8,9,0.300000000000001,0.699999999999999,"Ana"
"2025-10-26 22:26:33.34534","Misto",1,"Série","Ozark","(2017até2022)",8.4,8,9,0.4,0.6,"Ana"
"2025-10-26 22:26:34.573434","Misto",2,"Série","The_Marvelous_Mrs._Maisel","(2017até_)",8.7,9,8,0.300000000000001,0.699999999999999,"Ana"
"2025-10-26 22:26:41.374002","Misto",3,"Série","Arcane","(2021até_)",9.2,8,9,1.2,0.199999999999999,"Maria"
"2025-10-26 22:26:43.622046","Misto",4,"Série","Homeland","(2011até2020)",8.3,9,8,0.699999999999999,0.300000000000001,"Maria"
"2025-10-26 22:26:45.111829","Misto",5,"Série","Community","(2009até2015)",8.5,8,9,0.5,0.5,"empate"
"2025-10-26 22:26:46.383455","Misto",6,"Série","Demon_Slayer:_Kimetsu_no_Yaiba","(2019até_)",8.7,9,8,0.300000000000001,0.699999999999999,"Ana"
"2025-10-26 22:26:47.622829","Misto",7,"Filme","Like_Stars_on_Earth","-2007",8.4,8,9,0.4,0.6,"Ana"
"2025-10-26 22:26:48.893871","Misto",8,"Filme","The_Dark_Knight","-2008",9,9,8,0,1,"Ana"
"2025-10-26 22:26:50.116323","Misto",9,"Filme","Apocalypse_Now","-1979",8.4,8,9,0.4,0.6,"Ana"
"2025-10-26 22:26:51.200223","Misto",10,"Filme","The_Godfather","-1972",9.2,9,8,0.199999999999999,1.2,"Ana"
"2025-10-26 22:28:07.570315","Misto",1,"Série","Naruto","(2002até2007)",8.3,9,6,0.699999999999999,2.3,"Nuno"
"2025-10-26 22:28:14.87203","Misto",2,"Série","Better_Call_Saul","(2015até2022)",8.8,9.2,9,0.399999999999999,0.199999999999999,"Maria"
"2025-10-26 22:28:29.133247","Misto",1,"Filme","The_Intouchables","-2011",8.5,8,9,0.5,0.5,"empate"
"2025-10-26 22:28:30.728207","Misto",2,"Série","Santa_Inc.","2021",1.9,9,8,7.1,6.1,"Maria"
"2025-10-26 22:28:31.976155","Misto",3,"Série","Homeland","(2011até2020)",8.3,8,9,0.300000000000001,0.699999999999999,"Nuno"
"2025-10-26 22:28:33.061062","Misto",4,"Filme","Hamilton","-2020",8.4,9,8,0.6,0.4,"Maria"
"2025-10-26 22:28:35.430457","Misto",5,"Série","Person_of_Interest","(2011até2016)",8.4,8,9,0.4,0.6,"Nuno"
"2025-10-26 22:28:56.906368","Misto",1,"Filme","Psycho","-1960",8.5,8,5,0.5,3.5,"Nuno"
"2025-10-26 22:29:06.322666","Misto",2,"Série","Money_Heist","(2017até2021)",8.2,8.2,8,0,0.199999999999999,"Nuno"
"2025-10-26 22:29:17.322337","Misto",3,"Filme","The_Last_Airbender","2010",4,8,4,4,0,"Maria"
"2025-10-27 20:45:43.973912","Misto",1,"Filme","The_Human_Centipede_(First_Sequence)","2009",4.4,8,9,3.6,4.6,"Jogador1"
"2025-10-27 20:45:45.855812","Misto",2,"Filme","Apocalypse_Now","-1979",8.4,9,8,0.6,0.4,"Jogador2"
"2025-10-27 20:45:52.361148","Misto",1,"Filme","Madame_Web","2024",3.8,8,9,4.2,5.2,"Jogador1"
"2025-10-27 20:45:53.802896","Misto",2,"Série","The_Mentalist","(2008até2015)",8.1,9,8,0.9,0.0999999999999996,"Jogador2"
"2025-10-27 20:45:55.101611","Misto",3,"Filme","Space_Jam:_A_New_Legacy","2021",4.2,8,9,3.8,4.8,"Jogador1"
"2025-10-27 20:46:12.920326","Misto",1,"Série","Altered_Carbon","(2018até2020)",8,8,9,0,1,"Jogador1"
"2025-10-27 20:46:14.929184","Misto",2,"Filme","The_Last_Airbender","2010",4,9,8,5,4,"Jogador2"
"2025-10-27 20:46:16.441603","Misto",3,"Série","The_Simpsons","(1989até_)",8.6,8,9,0.6,0.4,"Jogador2"
"2025-10-27 20:50:16.423607","Misto",1,"Filme","American_History_X","-1998",8.5,8,9,0.5,0.5,"empate"
"2025-10-27 20:50:18.10819","Misto",2,"Série","True_Detective","(2014até2019)",8.9,8,9,0.9,0.0999999999999996,"Jogador2"
"2025-10-27 20:50:20.917247","Misto",3,"Série","Avatar:_The_Last_Airbender","(2005até2008)",9.3,8,9,1.3,0.300000000000001,"Jogador2"
